Source,Category,Family,Ticker
Banner List,Aggressive Growth,MFS,MNDIX
Banner List,Aggressive Growth,T Rowe Price,OTCFX
Banner List,Aggressive Growth,T Rowe Price,PRDSX
Banner List,Aggressive Growth,Vangaurd,VEXPX
Banner List,Aggressive Growth,Vangaurd,VSMAX
Banner List,Aggressive Growth,Virtus,PXSGX
Banner List,Aggressive Growth,Virtus,SSCTX
Banner List,Growth,AMG,TMDPX
Banner List,Growth,MFS,OTCIX
Banner List,Growth,T Rowe Price,PRNHX
Banner List,Growth,T Rowe Price,RPMGX
Banner List,Growth,Vangaurd,VIMAX
Banner List,Growth,Vangaurd,VMGRX
Banner List,Growth,Virtus,PICMX
Banner List,Growth,Virtus,SMVTX
Banner List,Growth and Income,AMG,YACKX
Banner List,Growth and Income,AMG,YAFFX
Banner List,Growth and Income,MFS,MFEIX
Banner List,Growth and Income,MFS,MRGRX
Banner List,Growth and Income,T Rowe Price,PRDGX
Banner List,Growth and Income,T Rowe Price,PRWAX
Banner List,Growth and Income,Vangaurd,VDEQX
Banner List,Growth and Income,Vangaurd,VQNPX
Banner List,Growth and Income,Vangaurd,VWUSX
Banner List,Growth and Income,Virtus,STCAX
Banner List,Growth and Income,Virtus,STVTX
Banner List,International,MFS,MWEIX
Banner List,International,MFS,MWOIX
Banner List,International,T Rowe Price,PRGSX
Banner List,International,T Rowe Price,RPGEX
Banner List,International,Vangaurd,VINEX
Banner List,International,Vangaurd,VWIGX
Banner List,International,Virtus,PIPTX
Banner List,International,Virtus,STITX
Advisor,Aggressive Growth,Alger,ASPIX
Advisor,Aggressive Growth,Federated,QISGX
Advisor,Growth,T Rowe Price,TRBCX
Advisor,Growth and Income,AIG,FDSAX
Advisor,Growth and Income,JP Morgna,OIEIX
Advisor,International,First Eagle,SGOVX
Advisor,International,Oppenheimer,OIDAX
Advisor,International,Oppenheimer,OPGIX
Index,Aggressive Growth,Northern,NSIDX
Index,Aggressive Growth,Schwab,SWSSX
Index,Growth,Northern,NOMIX
Index,Growth,Vangaurd,VIMSX
Index,Growth and Income,Schwab,SWPPX
Index,Growth and Income,Vangaurd,VHDYX
Index,Growth and Income,Vangaurd,VIGRX
Index,International,Schwab,SWISX
Index,International,Vangaurd,VGTSX